{
    "release": {
        "id": "acs2017_5yr",
        "name": "ACS 2017 5-year",
        "years": "2013-2017"
    },
    "tables": {
        "B24124": {
            "title": "Detailed Occupation for the Full-time, Year-round Civilian Employed Population 16 Years and Over",
            "universe": "Full-Time, Year-Round Civilian Employed Population 16 Years and Over",
            "denominator_column_id": "B24124001",
            "columns": {
                "B24124001": {
                    "name": "Total:",
                    "indent": 0
                },
                "B24124002": {
                    "name": "Chief executives",
                    "indent": 1
                },
                "B24124003": {
                    "name": "General and operations managers",
                    "indent": 1
                },
                "B24124004": {
                    "name": "Legislators",
                    "indent": 1
                },
                "B24124005": {
                    "name": "Advertising and promotions managers",
                    "indent": 1
                },
                "B24124006": {
                    "name": "Marketing and sales managers",
                    "indent": 1
                },
                "B24124007": {
                    "name": "Public relations and fundraising managers",
                    "indent": 1
                },
                "B24124008": {
                    "name": "Administrative services managers",
                    "indent": 1
                },
                "B24124009": {
                    "name": "Computer and information systems managers",
                    "indent": 1
                },
                "B24124010": {
                    "name": "Financial managers",
                    "indent": 1
                },
                "B24124011": {
                    "name": "Compensation and benefits managers",
                    "indent": 1
                },
                "B24124012": {
                    "name": "Human resources managers",
                    "indent": 1
                },
                "B24124013": {
                    "name": "Training and development managers",
                    "indent": 1
                },
                "B24124014": {
                    "name": "Industrial production managers",
                    "indent": 1
                },
                "B24124015": {
                    "name": "Purchasing managers",
                    "indent": 1
                },
                "B24124016": {
                    "name": "Transportation, storage, and distribution managers",
                    "indent": 1
                },
                "B24124017": {
                    "name": "Farmers, ranchers, and other agricultural managers",
                    "indent": 1
                },
                "B24124018": {
                    "name": "Construction managers",
                    "indent": 1
                },
                "B24124019": {
                    "name": "Education administrators",
                    "indent": 1
                },
                "B24124020": {
                    "name": "Architectural and engineering managers",
                    "indent": 1
                },
                "B24124021": {
                    "name": "Food service managers",
                    "indent": 1
                },
                "B24124022": {
                    "name": "Funeral service managers",
                    "indent": 1
                },
                "B24124023": {
                    "name": "Gaming managers",
                    "indent": 1
                },
                "B24124024": {
                    "name": "Lodging managers",
                    "indent": 1
                },
                "B24124025": {
                    "name": "Medical and health services managers",
                    "indent": 1
                },
                "B24124026": {
                    "name": "Natural sciences managers",
                    "indent": 1
                },
                "B24124027": {
                    "name": "Postmasters and mail superintendents",
                    "indent": 1
                },
                "B24124028": {
                    "name": "Property, real estate, and community association managers",
                    "indent": 1
                },
                "B24124029": {
                    "name": "Social and community service managers",
                    "indent": 1
                },
                "B24124030": {
                    "name": "Emergency management directors",
                    "indent": 1
                },
                "B24124031": {
                    "name": "Managers, all other",
                    "indent": 1
                },
                "B24124032": {
                    "name": "Agents and business managers of artists, performers, and athletes",
                    "indent": 1
                },
                "B24124033": {
                    "name": "Buyers and purchasing agents, farm products",
                    "indent": 1
                },
                "B24124034": {
                    "name": "Wholesale and retail buyers, except farm products",
                    "indent": 1
                },
                "B24124035": {
                    "name": "Purchasing agents, except wholesale, retail, and farm products",
                    "indent": 1
                },
                "B24124036": {
                    "name": "Claims adjusters, appraisers, examiners, and investigators",
                    "indent": 1
                },
                "B24124037": {
                    "name": "Compliance officers",
                    "indent": 1
                },
                "B24124038": {
                    "name": "Cost estimators",
                    "indent": 1
                },
                "B24124039": {
                    "name": "Human resources workers",
                    "indent": 1
                },
                "B24124040": {
                    "name": "Compensation, benefits, and job analysis specialists",
                    "indent": 1
                },
                "B24124041": {
                    "name": "Training and development specialists",
                    "indent": 1
                },
                "B24124042": {
                    "name": "Logisticians",
                    "indent": 1
                },
                "B24124043": {
                    "name": "Management analysts",
                    "indent": 1
                },
                "B24124044": {
                    "name": "Meeting, convention, and event planners",
                    "indent": 1
                },
                "B24124045": {
                    "name": "Fundraisers",
                    "indent": 1
                },
                "B24124046": {
                    "name": "Market research analysts and marketing specialists",
                    "indent": 1
                },
                "B24124047": {
                    "name": "Business operations specialists, all other",
                    "indent": 1
                },
                "B24124048": {
                    "name": "Accountants and auditors",
                    "indent": 1
                },
                "B24124049": {
                    "name": "Appraisers and assessors of real estate",
                    "indent": 1
                },
                "B24124050": {
                    "name": "Budget analysts",
                    "indent": 1
                },
                "B24124051": {
                    "name": "Credit analysts",
                    "indent": 1
                },
                "B24124052": {
                    "name": "Financial analysts",
                    "indent": 1
                },
                "B24124053": {
                    "name": "Personal financial advisors",
                    "indent": 1
                },
                "B24124054": {
                    "name": "Insurance underwriters",
                    "indent": 1
                },
                "B24124055": {
                    "name": "Financial examiners",
                    "indent": 1
                },
                "B24124056": {
                    "name": "Credit counselors and loan officers",
                    "indent": 1
                },
                "B24124057": {
                    "name": "Tax examiners and collectors, and revenue agents",
                    "indent": 1
                },
                "B24124058": {
                    "name": "Tax preparers",
                    "indent": 1
                },
                "B24124059": {
                    "name": "Financial specialists, all other",
                    "indent": 1
                },
                "B24124060": {
                    "name": "Computer and information research scientists",
                    "indent": 1
                },
                "B24124061": {
                    "name": "Computer systems analysts",
                    "indent": 1
                },
                "B24124062": {
                    "name": "Information security analysts",
                    "indent": 1
                },
                "B24124063": {
                    "name": "Computer programmers",
                    "indent": 1
                },
                "B24124064": {
                    "name": "Software developers, applications and systems software",
                    "indent": 1
                },
                "B24124065": {
                    "name": "Web developers",
                    "indent": 1
                },
                "B24124066": {
                    "name": "Computer support specialists",
                    "indent": 1
                },
                "B24124067": {
                    "name": "Database administrators",
                    "indent": 1
                },
                "B24124068": {
                    "name": "Network and computer systems administrators",
                    "indent": 1
                },
                "B24124069": {
                    "name": "Computer network architects",
                    "indent": 1
                },
                "B24124070": {
                    "name": "Computer occupations, all other",
                    "indent": 1
                },
                "B24124071": {
                    "name": "Actuaries",
                    "indent": 1
                },
                "B24124072": {
                    "name": "Mathematicians",
                    "indent": 1
                },
                "B24124073": {
                    "name": "Operations research analysts",
                    "indent": 1
                },
                "B24124074": {
                    "name": "Statisticians",
                    "indent": 1
                },
                "B24124075": {
                    "name": "Miscellaneous mathematical science occupations",
                    "indent": 1
                },
                "B24124076": {
                    "name": "Architects, except naval",
                    "indent": 1
                },
                "B24124077": {
                    "name": "Surveyors, cartographers, and photogrammetrists",
                    "indent": 1
                },
                "B24124078": {
                    "name": "Aerospace engineers",
                    "indent": 1
                },
                "B24124079": {
                    "name": "Agricultural engineers",
                    "indent": 1
                },
                "B24124080": {
                    "name": "Biomedical engineers",
                    "indent": 1
                },
                "B24124081": {
                    "name": "Chemical engineers",
                    "indent": 1
                },
                "B24124082": {
                    "name": "Civil engineers",
                    "indent": 1
                },
                "B24124083": {
                    "name": "Computer hardware engineers",
                    "indent": 1
                },
                "B24124084": {
                    "name": "Electrical and electronics engineers",
                    "indent": 1
                },
                "B24124085": {
                    "name": "Environmental engineers",
                    "indent": 1
                },
                "B24124086": {
                    "name": "Industrial engineers, including health and safety",
                    "indent": 1
                },
                "B24124087": {
                    "name": "Marine engineers and naval architects",
                    "indent": 1
                },
                "B24124088": {
                    "name": "Materials engineers",
                    "indent": 1
                },
                "B24124089": {
                    "name": "Mechanical engineers",
                    "indent": 1
                },
                "B24124090": {
                    "name": "Mining and geological engineers, including mining safety engineers",
                    "indent": 1
                },
                "B24124091": {
                    "name": "Nuclear engineers",
                    "indent": 1
                },
                "B24124092": {
                    "name": "Petroleum engineers",
                    "indent": 1
                },
                "B24124093": {
                    "name": "Engineers, all other",
                    "indent": 1
                },
                "B24124094": {
                    "name": "Drafters",
                    "indent": 1
                },
                "B24124095": {
                    "name": "Engineering technicians, except drafters",
                    "indent": 1
                },
                "B24124096": {
                    "name": "Surveying and mapping technicians",
                    "indent": 1
                },
                "B24124097": {
                    "name": "Agricultural and food scientists",
                    "indent": 1
                },
                "B24124098": {
                    "name": "Biological scientists",
                    "indent": 1
                },
                "B24124099": {
                    "name": "Conservation scientists and foresters",
                    "indent": 1
                },
                "B24124100": {
                    "name": "Medical scientists",
                    "indent": 1
                },
                "B24124101": {
                    "name": "Life scientists, all other",
                    "indent": 1
                },
                "B24124102": {
                    "name": "Astronomers and physicists",
                    "indent": 1
                },
                "B24124103": {
                    "name": "Atmospheric and space scientists",
                    "indent": 1
                },
                "B24124104": {
                    "name": "Chemists and materials scientists",
                    "indent": 1
                },
                "B24124105": {
                    "name": "Environmental scientists and geoscientists",
                    "indent": 1
                },
                "B24124106": {
                    "name": "Physical scientists, all other",
                    "indent": 1
                },
                "B24124107": {
                    "name": "Economists",
                    "indent": 1
                },
                "B24124108": {
                    "name": "Survey researchers",
                    "indent": 1
                },
                "B24124109": {
                    "name": "Psychologists",
                    "indent": 1
                },
                "B24124110": {
                    "name": "Urban and regional planners",
                    "indent": 1
                },
                "B24124111": {
                    "name": "Miscellaneous social scientists and related workers, including sociologists",
                    "indent": 1
                },
                "B24124112": {
                    "name": "Agricultural and food science technicians",
                    "indent": 1
                },
                "B24124113": {
                    "name": "Biological technicians",
                    "indent": 1
                },
                "B24124114": {
                    "name": "Chemical technicians",
                    "indent": 1
                },
                "B24124115": {
                    "name": "Geological and petroleum technicians",
                    "indent": 1
                },
                "B24124116": {
                    "name": "Nuclear technicians",
                    "indent": 1
                },
                "B24124117": {
                    "name": "Social science research assistants",
                    "indent": 1
                },
                "B24124118": {
                    "name": "Miscellaneous life, physical, and social science technicians",
                    "indent": 1
                },
                "B24124119": {
                    "name": "Counselors",
                    "indent": 1
                },
                "B24124120": {
                    "name": "Social workers",
                    "indent": 1
                },
                "B24124121": {
                    "name": "Probation officers and correctional treatment specialists",
                    "indent": 1
                },
                "B24124122": {
                    "name": "Social and human service assistants",
                    "indent": 1
                },
                "B24124123": {
                    "name": "Miscellaneous community and social service specialists, including health educators and community health workers",
                    "indent": 1
                },
                "B24124124": {
                    "name": "Clergy",
                    "indent": 1
                },
                "B24124125": {
                    "name": "Directors, religious activities and education",
                    "indent": 1
                },
                "B24124126": {
                    "name": "Religious workers, all other",
                    "indent": 1
                },
                "B24124127": {
                    "name": "Lawyers",
                    "indent": 1
                },
                "B24124128": {
                    "name": "Judicial law clerks",
                    "indent": 1
                },
                "B24124129": {
                    "name": "Judges, magistrates, and other judicial workers",
                    "indent": 1
                },
                "B24124130": {
                    "name": "Paralegals and legal assistants",
                    "indent": 1
                },
                "B24124131": {
                    "name": "Miscellaneous legal support workers",
                    "indent": 1
                },
                "B24124132": {
                    "name": "Postsecondary teachers",
                    "indent": 1
                },
                "B24124133": {
                    "name": "Preschool and kindergarten teachers",
                    "indent": 1
                },
                "B24124134": {
                    "name": "Elementary and middle school teachers",
                    "indent": 1
                },
                "B24124135": {
                    "name": "Secondary school teachers",
                    "indent": 1
                },
                "B24124136": {
                    "name": "Special education teachers",
                    "indent": 1
                },
                "B24124137": {
                    "name": "Other teachers and instructors",
                    "indent": 1
                },
                "B24124138": {
                    "name": "Archivists, curators, and museum technicians",
                    "indent": 1
                },
                "B24124139": {
                    "name": "Librarians",
                    "indent": 1
                },
                "B24124140": {
                    "name": "Library technicians",
                    "indent": 1
                },
                "B24124141": {
                    "name": "Teacher assistants",
                    "indent": 1
                },
                "B24124142": {
                    "name": "Other education, training, and library workers, except teacher assistants",
                    "indent": 1
                },
                "B24124143": {
                    "name": "Artists and related workers",
                    "indent": 1
                },
                "B24124144": {
                    "name": "Designers",
                    "indent": 1
                },
                "B24124145": {
                    "name": "Actors",
                    "indent": 1
                },
                "B24124146": {
                    "name": "Producers and directors",
                    "indent": 1
                },
                "B24124147": {
                    "name": "Athletes, coaches, umpires, and related workers",
                    "indent": 1
                },
                "B24124148": {
                    "name": "Dancers and choreographers",
                    "indent": 1
                },
                "B24124149": {
                    "name": "Musicians, singers, and related workers",
                    "indent": 1
                },
                "B24124150": {
                    "name": "Entertainers and performers, sports and related workers, all other",
                    "indent": 1
                },
                "B24124151": {
                    "name": "Announcers",
                    "indent": 1
                },
                "B24124152": {
                    "name": "News analysts, reporters and correspondents",
                    "indent": 1
                },
                "B24124153": {
                    "name": "Public relations specialists",
                    "indent": 1
                },
                "B24124154": {
                    "name": "Editors",
                    "indent": 1
                },
                "B24124155": {
                    "name": "Technical writers",
                    "indent": 1
                },
                "B24124156": {
                    "name": "Writers and authors",
                    "indent": 1
                },
                "B24124157": {
                    "name": "Miscellaneous media and communication workers",
                    "indent": 1
                },
                "B24124158": {
                    "name": "Miscellaneous media and communications equipment workers, including broadcast and sound engineering technicians and radio operators",
                    "indent": 1
                },
                "B24124159": {
                    "name": "Photographers",
                    "indent": 1
                },
                "B24124160": {
                    "name": "Television, video, and motion picture camera operators and editors",
                    "indent": 1
                },
                "B24124161": {
                    "name": "Chiropractors",
                    "indent": 1
                },
                "B24124162": {
                    "name": "Dentists",
                    "indent": 1
                },
                "B24124163": {
                    "name": "Dietitians and nutritionists",
                    "indent": 1
                },
                "B24124164": {
                    "name": "Optometrists",
                    "indent": 1
                },
                "B24124165": {
                    "name": "Pharmacists",
                    "indent": 1
                },
                "B24124166": {
                    "name": "Physicians and surgeons",
                    "indent": 1
                },
                "B24124167": {
                    "name": "Physician assistants",
                    "indent": 1
                },
                "B24124168": {
                    "name": "Podiatrists",
                    "indent": 1
                },
                "B24124169": {
                    "name": "Audiologists",
                    "indent": 1
                },
                "B24124170": {
                    "name": "Occupational therapists",
                    "indent": 1
                },
                "B24124171": {
                    "name": "Physical therapists",
                    "indent": 1
                },
                "B24124172": {
                    "name": "Radiation therapists",
                    "indent": 1
                },
                "B24124173": {
                    "name": "Recreational therapists",
                    "indent": 1
                },
                "B24124174": {
                    "name": "Respiratory therapists",
                    "indent": 1
                },
                "B24124175": {
                    "name": "Speech-language pathologists",
                    "indent": 1
                },
                "B24124176": {
                    "name": "Miscellaneous therapists, including exercise physiologists",
                    "indent": 1
                },
                "B24124177": {
                    "name": "Veterinarians",
                    "indent": 1
                },
                "B24124178": {
                    "name": "Registered nurses",
                    "indent": 1
                },
                "B24124179": {
                    "name": "Nurse anesthetists",
                    "indent": 1
                },
                "B24124180": {
                    "name": "Nurse midwives",
                    "indent": 1
                },
                "B24124181": {
                    "name": "Nurse practitioners",
                    "indent": 1
                },
                "B24124182": {
                    "name": "Health diagnosing and treating practitioners, all other",
                    "indent": 1
                },
                "B24124183": {
                    "name": "Clinical laboratory technologists and technicians",
                    "indent": 1
                },
                "B24124184": {
                    "name": "Dental hygienists",
                    "indent": 1
                },
                "B24124185": {
                    "name": "Diagnostic related technologists and technicians",
                    "indent": 1
                },
                "B24124186": {
                    "name": "Emergency medical technicians and paramedics",
                    "indent": 1
                },
                "B24124187": {
                    "name": "Health practitioner support technologists and technicians",
                    "indent": 1
                },
                "B24124188": {
                    "name": "Licensed practical and licensed vocational nurses",
                    "indent": 1
                },
                "B24124189": {
                    "name": "Medical records and health information technicians",
                    "indent": 1
                },
                "B24124190": {
                    "name": "Opticians, dispensing",
                    "indent": 1
                },
                "B24124191": {
                    "name": "Miscellaneous health technologists and technicians",
                    "indent": 1
                },
                "B24124192": {
                    "name": "Other healthcare practitioners and technical occupations",
                    "indent": 1
                },
                "B24124193": {
                    "name": "Nursing, psychiatric, and home health aides",
                    "indent": 1
                },
                "B24124194": {
                    "name": "Occupational therapy assistants and aides",
                    "indent": 1
                },
                "B24124195": {
                    "name": "Physical therapist assistants and aides",
                    "indent": 1
                },
                "B24124196": {
                    "name": "Massage therapists",
                    "indent": 1
                },
                "B24124197": {
                    "name": "Dental assistants",
                    "indent": 1
                },
                "B24124198": {
                    "name": "Medical assistants",
                    "indent": 1
                },
                "B24124199": {
                    "name": "Medical transcriptionists",
                    "indent": 1
                },
                "B24124200": {
                    "name": "Pharmacy aides",
                    "indent": 1
                },
                "B24124201": {
                    "name": "Veterinary assistants and laboratory animal caretakers",
                    "indent": 1
                },
                "B24124202": {
                    "name": "Phlebotomists",
                    "indent": 1
                },
                "B24124203": {
                    "name": "Healthcare support workers, all other, including medical equipment preparers",
                    "indent": 1
                },
                "B24124204": {
                    "name": "First-line supervisors of correctional officers",
                    "indent": 1
                },
                "B24124205": {
                    "name": "First-line supervisors of police and detectives",
                    "indent": 1
                },
                "B24124206": {
                    "name": "First-line supervisors of fire fighting and prevention workers",
                    "indent": 1
                },
                "B24124207": {
                    "name": "First-line supervisors of protective service workers, all other",
                    "indent": 1
                },
                "B24124208": {
                    "name": "Firefighters",
                    "indent": 1
                },
                "B24124209": {
                    "name": "Fire inspectors",
                    "indent": 1
                },
                "B24124210": {
                    "name": "Bailiffs, correctional officers, and jailers",
                    "indent": 1
                },
                "B24124211": {
                    "name": "Detectives and criminal investigators",
                    "indent": 1
                },
                "B24124212": {
                    "name": "Fish and game wardens",
                    "indent": 1
                },
                "B24124213": {
                    "name": "Parking enforcement workers",
                    "indent": 1
                },
                "B24124214": {
                    "name": "Police and sheriff's patrol officers",
                    "indent": 1
                },
                "B24124215": {
                    "name": "Transit and railroad police",
                    "indent": 1
                },
                "B24124216": {
                    "name": "Animal control workers",
                    "indent": 1
                },
                "B24124217": {
                    "name": "Private detectives and investigators",
                    "indent": 1
                },
                "B24124218": {
                    "name": "Security guards and gaming surveillance officers",
                    "indent": 1
                },
                "B24124219": {
                    "name": "Crossing guards",
                    "indent": 1
                },
                "B24124220": {
                    "name": "Transportation security screeners",
                    "indent": 1
                },
                "B24124221": {
                    "name": "Lifeguards and other recreational, and all other protective service workers",
                    "indent": 1
                },
                "B24124222": {
                    "name": "Chefs and head cooks",
                    "indent": 1
                },
                "B24124223": {
                    "name": "First-line supervisors of food preparation and serving workers",
                    "indent": 1
                },
                "B24124224": {
                    "name": "Cooks",
                    "indent": 1
                },
                "B24124225": {
                    "name": "Food preparation workers",
                    "indent": 1
                },
                "B24124226": {
                    "name": "Bartenders",
                    "indent": 1
                },
                "B24124227": {
                    "name": "Combined food preparation and serving workers, including fast food",
                    "indent": 1
                },
                "B24124228": {
                    "name": "Counter attendants, cafeteria, food concession, and coffee shop",
                    "indent": 1
                },
                "B24124229": {
                    "name": "Waiters and waitresses",
                    "indent": 1
                },
                "B24124230": {
                    "name": "Food servers, nonrestaurant",
                    "indent": 1
                },
                "B24124231": {
                    "name": "Dining room and cafeteria attendants and bartender helpers",
                    "indent": 1
                },
                "B24124232": {
                    "name": "Dishwashers",
                    "indent": 1
                },
                "B24124233": {
                    "name": "Hosts and hostesses, restaurant, lounge, and coffee shop",
                    "indent": 1
                },
                "B24124234": {
                    "name": "Food preparation and serving related workers, all other",
                    "indent": 1
                },
                "B24124235": {
                    "name": "First-line supervisors of housekeeping and janitorial workers",
                    "indent": 1
                },
                "B24124236": {
                    "name": "First-line supervisors of landscaping, lawn service, and groundskeeping workers",
                    "indent": 1
                },
                "B24124237": {
                    "name": "Janitors and building cleaners",
                    "indent": 1
                },
                "B24124238": {
                    "name": "Maids and housekeeping cleaners",
                    "indent": 1
                },
                "B24124239": {
                    "name": "Pest control workers",
                    "indent": 1
                },
                "B24124240": {
                    "name": "Grounds maintenance workers",
                    "indent": 1
                },
                "B24124241": {
                    "name": "First-line supervisors of gaming workers",
                    "indent": 1
                },
                "B24124242": {
                    "name": "First-line supervisors of personal service workers",
                    "indent": 1
                },
                "B24124243": {
                    "name": "Animal trainers",
                    "indent": 1
                },
                "B24124244": {
                    "name": "Nonfarm animal caretakers",
                    "indent": 1
                },
                "B24124245": {
                    "name": "Gaming services workers",
                    "indent": 1
                },
                "B24124246": {
                    "name": "Motion picture projectionists",
                    "indent": 1
                },
                "B24124247": {
                    "name": "Ushers, lobby attendants, and ticket takers",
                    "indent": 1
                },
                "B24124248": {
                    "name": "Miscellaneous entertainment attendants and related workers",
                    "indent": 1
                },
                "B24124249": {
                    "name": "Embalmers and funeral attendants",
                    "indent": 1
                },
                "B24124250": {
                    "name": "Morticians, undertakers, and funeral directors",
                    "indent": 1
                },
                "B24124251": {
                    "name": "Barbers",
                    "indent": 1
                },
                "B24124252": {
                    "name": "Hairdressers, hairstylists, and cosmetologists",
                    "indent": 1
                },
                "B24124253": {
                    "name": "Miscellaneous personal appearance workers",
                    "indent": 1
                },
                "B24124254": {
                    "name": "Baggage porters, bellhops, and concierges",
                    "indent": 1
                },
                "B24124255": {
                    "name": "Tour and travel guides",
                    "indent": 1
                },
                "B24124256": {
                    "name": "Childcare workers",
                    "indent": 1
                },
                "B24124257": {
                    "name": "Personal care aides",
                    "indent": 1
                },
                "B24124258": {
                    "name": "Recreation and fitness workers",
                    "indent": 1
                },
                "B24124259": {
                    "name": "Residential advisors",
                    "indent": 1
                },
                "B24124260": {
                    "name": "Personal care and service workers, all other",
                    "indent": 1
                },
                "B24124261": {
                    "name": "First-line supervisors of retail sales workers",
                    "indent": 1
                },
                "B24124262": {
                    "name": "First-line supervisors of non-retail sales workers",
                    "indent": 1
                },
                "B24124263": {
                    "name": "Cashiers",
                    "indent": 1
                },
                "B24124264": {
                    "name": "Counter and rental clerks",
                    "indent": 1
                },
                "B24124265": {
                    "name": "Parts salespersons",
                    "indent": 1
                },
                "B24124266": {
                    "name": "Retail salespersons",
                    "indent": 1
                },
                "B24124267": {
                    "name": "Advertising sales agents",
                    "indent": 1
                },
                "B24124268": {
                    "name": "Insurance sales agents",
                    "indent": 1
                },
                "B24124269": {
                    "name": "Securities, commodities, and financial services sales agents",
                    "indent": 1
                },
                "B24124270": {
                    "name": "Travel agents",
                    "indent": 1
                },
                "B24124271": {
                    "name": "Sales representatives, services, all other",
                    "indent": 1
                },
                "B24124272": {
                    "name": "Sales representatives, wholesale and manufacturing",
                    "indent": 1
                },
                "B24124273": {
                    "name": "Models, demonstrators, and product promoters",
                    "indent": 1
                },
                "B24124274": {
                    "name": "Real estate brokers and sales agents",
                    "indent": 1
                },
                "B24124275": {
                    "name": "Sales engineers",
                    "indent": 1
                },
                "B24124276": {
                    "name": "Telemarketers",
                    "indent": 1
                },
                "B24124277": {
                    "name": "Door-to-door sales workers, news and street vendors, and related workers",
                    "indent": 1
                },
                "B24124278": {
                    "name": "Sales and related workers, all other",
                    "indent": 1
                },
                "B24124279": {
                    "name": "First-line supervisors of office and administrative support workers",
                    "indent": 1
                },
                "B24124280": {
                    "name": "Switchboard operators, including answering service",
                    "indent": 1
                },
                "B24124281": {
                    "name": "Telephone operators",
                    "indent": 1
                },
                "B24124282": {
                    "name": "Communications equipment operators, all other",
                    "indent": 1
                },
                "B24124283": {
                    "name": "Bill and account collectors",
                    "indent": 1
                },
                "B24124284": {
                    "name": "Billing and posting clerks",
                    "indent": 1
                },
                "B24124285": {
                    "name": "Bookkeeping, accounting, and auditing clerks",
                    "indent": 1
                },
                "B24124286": {
                    "name": "Gaming cage workers",
                    "indent": 1
                },
                "B24124287": {
                    "name": "Payroll and timekeeping clerks",
                    "indent": 1
                },
                "B24124288": {
                    "name": "Procurement clerks",
                    "indent": 1
                },
                "B24124289": {
                    "name": "Tellers",
                    "indent": 1
                },
                "B24124290": {
                    "name": "Financial clerks, all other",
                    "indent": 1
                },
                "B24124291": {
                    "name": "Brokerage clerks",
                    "indent": 1
                },
                "B24124292": {
                    "name": "Correspondence clerks",
                    "indent": 1
                },
                "B24124293": {
                    "name": "Court, municipal, and license clerks",
                    "indent": 1
                },
                "B24124294": {
                    "name": "Credit authorizers, checkers, and clerks",
                    "indent": 1
                },
                "B24124295": {
                    "name": "Customer service representatives",
                    "indent": 1
                },
                "B24124296": {
                    "name": "Eligibility interviewers, government programs",
                    "indent": 1
                },
                "B24124297": {
                    "name": "File clerks",
                    "indent": 1
                },
                "B24124298": {
                    "name": "Hotel, motel, and resort desk clerks",
                    "indent": 1
                },
                "B24124299": {
                    "name": "Interviewers, except eligibility and loan",
                    "indent": 1
                },
                "B24124300": {
                    "name": "Library assistants, clerical",
                    "indent": 1
                },
                "B24124301": {
                    "name": "Loan interviewers and clerks",
                    "indent": 1
                },
                "B24124302": {
                    "name": "New accounts clerks",
                    "indent": 1
                },
                "B24124303": {
                    "name": "Order clerks",
                    "indent": 1
                },
                "B24124304": {
                    "name": "Human resources assistants, except payroll and timekeeping",
                    "indent": 1
                },
                "B24124305": {
                    "name": "Receptionists and information clerks",
                    "indent": 1
                },
                "B24124306": {
                    "name": "Reservation and transportation ticket agents and travel clerks",
                    "indent": 1
                },
                "B24124307": {
                    "name": "Information and record clerks, all other",
                    "indent": 1
                },
                "B24124308": {
                    "name": "Cargo and freight agents",
                    "indent": 1
                },
                "B24124309": {
                    "name": "Couriers and messengers",
                    "indent": 1
                },
                "B24124310": {
                    "name": "Dispatchers",
                    "indent": 1
                },
                "B24124311": {
                    "name": "Meter readers, utilities",
                    "indent": 1
                },
                "B24124312": {
                    "name": "Postal service clerks",
                    "indent": 1
                },
                "B24124313": {
                    "name": "Postal service mail carriers",
                    "indent": 1
                },
                "B24124314": {
                    "name": "Postal service mail sorters, processors, and processing machine operators",
                    "indent": 1
                },
                "B24124315": {
                    "name": "Production, planning, and expediting clerks",
                    "indent": 1
                },
                "B24124316": {
                    "name": "Shipping, receiving, and traffic clerks",
                    "indent": 1
                },
                "B24124317": {
                    "name": "Stock clerks and order fillers",
                    "indent": 1
                },
                "B24124318": {
                    "name": "Weighers, measurers, checkers, and samplers, recordkeeping",
                    "indent": 1
                },
                "B24124319": {
                    "name": "Secretaries and administrative assistants",
                    "indent": 1
                },
                "B24124320": {
                    "name": "Computer operators",
                    "indent": 1
                },
                "B24124321": {
                    "name": "Data entry keyers",
                    "indent": 1
                },
                "B24124322": {
                    "name": "Word processors and typists",
                    "indent": 1
                },
                "B24124323": {
                    "name": "Desktop publishers",
                    "indent": 1
                },
                "B24124324": {
                    "name": "Insurance claims and policy processing clerks",
                    "indent": 1
                },
                "B24124325": {
                    "name": "Mail clerks and mail machine operators, except postal service",
                    "indent": 1
                },
                "B24124326": {
                    "name": "Office clerks, general",
                    "indent": 1
                },
                "B24124327": {
                    "name": "Office machine operators, except computer",
                    "indent": 1
                },
                "B24124328": {
                    "name": "Proofreaders and copy markers",
                    "indent": 1
                },
                "B24124329": {
                    "name": "Statistical assistants",
                    "indent": 1
                },
                "B24124330": {
                    "name": "Office and administrative support workers, all other",
                    "indent": 1
                },
                "B24124331": {
                    "name": "First-line supervisors of farming, fishing, and forestry workers",
                    "indent": 1
                },
                "B24124332": {
                    "name": "Agricultural inspectors",
                    "indent": 1
                },
                "B24124333": {
                    "name": "Animal breeders",
                    "indent": 1
                },
                "B24124334": {
                    "name": "Graders and sorters, agricultural products",
                    "indent": 1
                },
                "B24124335": {
                    "name": "Miscellaneous agricultural workers",
                    "indent": 1
                },
                "B24124336": {
                    "name": "Fishing and hunting workers",
                    "indent": 1
                },
                "B24124337": {
                    "name": "Forest and conservation workers",
                    "indent": 1
                },
                "B24124338": {
                    "name": "Logging workers",
                    "indent": 1
                },
                "B24124339": {
                    "name": "First-line supervisors of construction trades and extraction workers",
                    "indent": 1
                },
                "B24124340": {
                    "name": "Boilermakers",
                    "indent": 1
                },
                "B24124341": {
                    "name": "Brickmasons, blockmasons, and stonemasons",
                    "indent": 1
                },
                "B24124342": {
                    "name": "Carpenters",
                    "indent": 1
                },
                "B24124343": {
                    "name": "Carpet, floor, and tile installers and finishers",
                    "indent": 1
                },
                "B24124344": {
                    "name": "Cement masons, concrete finishers, and terrazzo workers",
                    "indent": 1
                },
                "B24124345": {
                    "name": "Construction laborers",
                    "indent": 1
                },
                "B24124346": {
                    "name": "Paving, surfacing, and tamping equipment operators",
                    "indent": 1
                },
                "B24124347": {
                    "name": "Operating engineers and other construction equipment operators, including pile-driver operators",
                    "indent": 1
                },
                "B24124348": {
                    "name": "Drywall installers, ceiling tile installers, and tapers",
                    "indent": 1
                },
                "B24124349": {
                    "name": "Electricians",
                    "indent": 1
                },
                "B24124350": {
                    "name": "Glaziers",
                    "indent": 1
                },
                "B24124351": {
                    "name": "Insulation workers",
                    "indent": 1
                },
                "B24124352": {
                    "name": "Painters, construction and maintenance",
                    "indent": 1
                },
                "B24124353": {
                    "name": "Paperhangers",
                    "indent": 1
                },
                "B24124354": {
                    "name": "Pipelayers, plumbers, pipefitters, and steamfitters",
                    "indent": 1
                },
                "B24124355": {
                    "name": "Plasterers and stucco masons",
                    "indent": 1
                },
                "B24124356": {
                    "name": "Reinforcing iron and rebar workers",
                    "indent": 1
                },
                "B24124357": {
                    "name": "Roofers",
                    "indent": 1
                },
                "B24124358": {
                    "name": "Sheet metal workers",
                    "indent": 1
                },
                "B24124359": {
                    "name": "Structural iron and steel workers",
                    "indent": 1
                },
                "B24124360": {
                    "name": "Helpers, construction trades",
                    "indent": 1
                },
                "B24124361": {
                    "name": "Construction and building inspectors",
                    "indent": 1
                },
                "B24124362": {
                    "name": "Elevator installers and repairers",
                    "indent": 1
                },
                "B24124363": {
                    "name": "Fence erectors",
                    "indent": 1
                },
                "B24124364": {
                    "name": "Hazardous materials removal workers",
                    "indent": 1
                },
                "B24124365": {
                    "name": "Highway maintenance workers",
                    "indent": 1
                },
                "B24124366": {
                    "name": "Rail-track laying and maintenance equipment operators",
                    "indent": 1
                },
                "B24124367": {
                    "name": "Septic tank servicers and sewer pipe cleaners",
                    "indent": 1
                },
                "B24124368": {
                    "name": "Miscellaneous construction and related workers, including solar photovoltaic installers",
                    "indent": 1
                },
                "B24124369": {
                    "name": "Derrick, rotary drill, and service unit operators, oil, gas, and mining",
                    "indent": 1
                },
                "B24124370": {
                    "name": "Earth drillers, except oil and gas",
                    "indent": 1
                },
                "B24124371": {
                    "name": "Explosives workers, ordnance handling experts, and blasters",
                    "indent": 1
                },
                "B24124372": {
                    "name": "Mining machine operators",
                    "indent": 1
                },
                "B24124373": {
                    "name": "Roof bolters, mining",
                    "indent": 1
                },
                "B24124374": {
                    "name": "Roustabouts, oil and gas",
                    "indent": 1
                },
                "B24124375": {
                    "name": "Helpers--extraction workers",
                    "indent": 1
                },
                "B24124376": {
                    "name": "Other extraction workers",
                    "indent": 1
                },
                "B24124377": {
                    "name": "First-line supervisors of mechanics, installers, and repairers",
                    "indent": 1
                },
                "B24124378": {
                    "name": "Computer, automated teller, and office machine repairers",
                    "indent": 1
                },
                "B24124379": {
                    "name": "Radio and telecommunications equipment installers and repairers",
                    "indent": 1
                },
                "B24124380": {
                    "name": "Avionics technicians",
                    "indent": 1
                },
                "B24124381": {
                    "name": "Electric motor, power tool, and related repairers",
                    "indent": 1
                },
                "B24124382": {
                    "name": "Electrical and electronics installers and repairers, transportation equipment",
                    "indent": 1
                },
                "B24124383": {
                    "name": "Electrical and electronics repairers, industrial and utility",
                    "indent": 1
                },
                "B24124384": {
                    "name": "Electronic equipment installers and repairers, motor vehicles",
                    "indent": 1
                },
                "B24124385": {
                    "name": "Electronic home entertainment equipment installers and repairers",
                    "indent": 1
                },
                "B24124386": {
                    "name": "Security and fire alarm systems installers",
                    "indent": 1
                },
                "B24124387": {
                    "name": "Aircraft mechanics and service technicians",
                    "indent": 1
                },
                "B24124388": {
                    "name": "Automotive body and related repairers",
                    "indent": 1
                },
                "B24124389": {
                    "name": "Automotive glass installers and repairers",
                    "indent": 1
                },
                "B24124390": {
                    "name": "Automotive service technicians and mechanics",
                    "indent": 1
                },
                "B24124391": {
                    "name": "Bus and truck mechanics and diesel engine specialists",
                    "indent": 1
                },
                "B24124392": {
                    "name": "Heavy vehicle and mobile equipment service technicians and mechanics",
                    "indent": 1
                },
                "B24124393": {
                    "name": "Small engine mechanics",
                    "indent": 1
                },
                "B24124394": {
                    "name": "Miscellaneous vehicle and mobile equipment mechanics, installers, and repairers",
                    "indent": 1
                },
                "B24124395": {
                    "name": "Control and valve installers and repairers",
                    "indent": 1
                },
                "B24124396": {
                    "name": "Heating, air conditioning, and refrigeration mechanics and installers",
                    "indent": 1
                },
                "B24124397": {
                    "name": "Home appliance repairers",
                    "indent": 1
                },
                "B24124398": {
                    "name": "Industrial and refractory machinery mechanics",
                    "indent": 1
                },
                "B24124399": {
                    "name": "Maintenance and repair workers, general",
                    "indent": 1
                },
                "B24124400": {
                    "name": "Maintenance workers, machinery",
                    "indent": 1
                },
                "B24124401": {
                    "name": "Millwrights",
                    "indent": 1
                },
                "B24124402": {
                    "name": "Electrical power-line installers and repairers",
                    "indent": 1
                },
                "B24124403": {
                    "name": "Telecommunications line installers and repairers",
                    "indent": 1
                },
                "B24124404": {
                    "name": "Precision instrument and equipment repairers",
                    "indent": 1
                },
                "B24124405": {
                    "name": "Coin, vending, and amusement machine servicers and repairers",
                    "indent": 1
                },
                "B24124406": {
                    "name": "Commercial divers",
                    "indent": 1
                },
                "B24124407": {
                    "name": "Locksmiths and safe repairers",
                    "indent": 1
                },
                "B24124408": {
                    "name": "Manufactured building and mobile home installers",
                    "indent": 1
                },
                "B24124409": {
                    "name": "Riggers",
                    "indent": 1
                },
                "B24124410": {
                    "name": "Signal and track switch repairers",
                    "indent": 1
                },
                "B24124411": {
                    "name": "Helpers--installation, maintenance, and repair workers",
                    "indent": 1
                },
                "B24124412": {
                    "name": "Other installation, maintenance, and repair workers, including wind turbine service technicians",
                    "indent": 1
                },
                "B24124413": {
                    "name": "First-line supervisors of production and operating workers",
                    "indent": 1
                },
                "B24124414": {
                    "name": "Aircraft structure, surfaces, rigging, and systems assemblers",
                    "indent": 1
                },
                "B24124415": {
                    "name": "Electrical, electronics, and electromechanical assemblers",
                    "indent": 1
                },
                "B24124416": {
                    "name": "Engine and other machine assemblers",
                    "indent": 1
                },
                "B24124417": {
                    "name": "Structural metal fabricators and fitters",
                    "indent": 1
                },
                "B24124418": {
                    "name": "Miscellaneous assemblers and fabricators",
                    "indent": 1
                },
                "B24124419": {
                    "name": "Bakers",
                    "indent": 1
                },
                "B24124420": {
                    "name": "Butchers and other meat, poultry, and fish processing workers",
                    "indent": 1
                },
                "B24124421": {
                    "name": "Food and tobacco roasting, baking, and drying machine operators and tenders",
                    "indent": 1
                },
                "B24124422": {
                    "name": "Food batchmakers",
                    "indent": 1
                },
                "B24124423": {
                    "name": "Food cooking machine operators and tenders",
                    "indent": 1
                },
                "B24124424": {
                    "name": "Food processing workers, all other",
                    "indent": 1
                },
                "B24124425": {
                    "name": "Computer control programmers and operators",
                    "indent": 1
                },
                "B24124426": {
                    "name": "Extruding and drawing machine setters, operators, and tenders, metal and plastic",
                    "indent": 1
                },
                "B24124427": {
                    "name": "Forging machine setters, operators, and tenders, metal and plastic",
                    "indent": 1
                },
                "B24124428": {
                    "name": "Rolling machine setters, operators, and tenders, metal and plastic",
                    "indent": 1
                },
                "B24124429": {
                    "name": "Cutting, punching, and press machine setters, operators, and tenders, metal and plastic",
                    "indent": 1
                },
                "B24124430": {
                    "name": "Drilling and boring machine tool setters, operators, and tenders, metal and plastic",
                    "indent": 1
                },
                "B24124431": {
                    "name": "Grinding, lapping, polishing, and buffing machine tool setters, operators, and tenders, metal and plastic",
                    "indent": 1
                },
                "B24124432": {
                    "name": "Lathe and turning machine tool setters, operators, and tenders, metal and plastic",
                    "indent": 1
                },
                "B24124433": {
                    "name": "Milling and planing machine setters, operators, and tenders, metal and plastic",
                    "indent": 1
                },
                "B24124434": {
                    "name": "Machinists",
                    "indent": 1
                },
                "B24124435": {
                    "name": "Metal furnace operators, tenders, pourers, and casters",
                    "indent": 1
                },
                "B24124436": {
                    "name": "Model makers and patternmakers, metal and plastic",
                    "indent": 1
                },
                "B24124437": {
                    "name": "Molders and molding machine setters, operators, and tenders, metal and plastic",
                    "indent": 1
                },
                "B24124438": {
                    "name": "Multiple machine tool setters, operators, and tenders, metal and plastic",
                    "indent": 1
                },
                "B24124439": {
                    "name": "Tool and die makers",
                    "indent": 1
                },
                "B24124440": {
                    "name": "Welding, soldering, and brazing workers",
                    "indent": 1
                },
                "B24124441": {
                    "name": "Heat treating equipment setters, operators, and tenders, metal and plastic",
                    "indent": 1
                },
                "B24124442": {
                    "name": "Layout workers, metal and plastic",
                    "indent": 1
                },
                "B24124443": {
                    "name": "Plating and coating machine setters, operators, and tenders, metal and plastic",
                    "indent": 1
                },
                "B24124444": {
                    "name": "Tool grinders, filers, and sharpeners",
                    "indent": 1
                },
                "B24124445": {
                    "name": "Metal workers and plastic workers, all other",
                    "indent": 1
                },
                "B24124446": {
                    "name": "Prepress technicians and workers",
                    "indent": 1
                },
                "B24124447": {
                    "name": "Printing workers, except prepress technicians and workers",
                    "indent": 1
                },
                "B24124448": {
                    "name": "Laundry and dry-cleaning workers",
                    "indent": 1
                },
                "B24124449": {
                    "name": "Pressers, textile, garment, and related materials",
                    "indent": 1
                },
                "B24124450": {
                    "name": "Sewing machine operators",
                    "indent": 1
                },
                "B24124451": {
                    "name": "Shoe and leather workers and repairers",
                    "indent": 1
                },
                "B24124452": {
                    "name": "Shoe machine operators and tenders",
                    "indent": 1
                },
                "B24124453": {
                    "name": "Tailors, dressmakers, and sewers",
                    "indent": 1
                },
                "B24124454": {
                    "name": "Textile bleaching and dyeing machine operators and tenders",
                    "indent": 1
                },
                "B24124455": {
                    "name": "Textile cutting machine setters, operators, and tenders",
                    "indent": 1
                },
                "B24124456": {
                    "name": "Textile knitting and weaving machine setters, operators, and tenders",
                    "indent": 1
                },
                "B24124457": {
                    "name": "Textile winding, twisting, and drawing out machine setters, operators, and tenders",
                    "indent": 1
                },
                "B24124458": {
                    "name": "Fabric and apparel patternmakers",
                    "indent": 1
                },
                "B24124459": {
                    "name": "Upholsterers",
                    "indent": 1
                },
                "B24124460": {
                    "name": "Miscellaneous textile, apparel, and furnishings workers, including extruding and forming machine setters, operators, and tenders, synthetic and glass fibers",
                    "indent": 1
                },
                "B24124461": {
                    "name": "Cabinetmakers and bench carpenters",
                    "indent": 1
                },
                "B24124462": {
                    "name": "Furniture finishers",
                    "indent": 1
                },
                "B24124463": {
                    "name": "Sawing machine setters, operators, and tenders, wood",
                    "indent": 1
                },
                "B24124464": {
                    "name": "Woodworking machine setters, operators, and tenders, except sawing",
                    "indent": 1
                },
                "B24124465": {
                    "name": "Miscellaneous woodworkers, including model makers and patternmakers",
                    "indent": 1
                },
                "B24124466": {
                    "name": "Power plant operators, distributors, and dispatchers",
                    "indent": 1
                },
                "B24124467": {
                    "name": "Stationary engineers and boiler operators",
                    "indent": 1
                },
                "B24124468": {
                    "name": "Water and wastewater treatment plant and system operators",
                    "indent": 1
                },
                "B24124469": {
                    "name": "Miscellaneous plant and system operators",
                    "indent": 1
                },
                "B24124470": {
                    "name": "Chemical processing machine setters, operators, and tenders",
                    "indent": 1
                },
                "B24124471": {
                    "name": "Crushing, grinding, polishing, mixing, and blending workers",
                    "indent": 1
                },
                "B24124472": {
                    "name": "Cutting workers",
                    "indent": 1
                },
                "B24124473": {
                    "name": "Extruding, forming, pressing, and compacting machine setters, operators, and tenders",
                    "indent": 1
                },
                "B24124474": {
                    "name": "Furnace, kiln, oven, drier, and kettle operators and tenders",
                    "indent": 1
                },
                "B24124475": {
                    "name": "Inspectors, testers, sorters, samplers, and weighers",
                    "indent": 1
                },
                "B24124476": {
                    "name": "Jewelers and precious stone and metal workers",
                    "indent": 1
                },
                "B24124477": {
                    "name": "Medical, dental, and ophthalmic laboratory technicians",
                    "indent": 1
                },
                "B24124478": {
                    "name": "Packaging and filling machine operators and tenders",
                    "indent": 1
                },
                "B24124479": {
                    "name": "Painting workers",
                    "indent": 1
                },
                "B24124480": {
                    "name": "Photographic process workers and processing machine operators",
                    "indent": 1
                },
                "B24124481": {
                    "name": "Semiconductor processors",
                    "indent": 1
                },
                "B24124482": {
                    "name": "Adhesive bonding machine operators and tenders",
                    "indent": 1
                },
                "B24124483": {
                    "name": "Cleaning, washing, and metal pickling equipment operators and tenders",
                    "indent": 1
                },
                "B24124484": {
                    "name": "Cooling and freezing equipment operators and tenders",
                    "indent": 1
                },
                "B24124485": {
                    "name": "Etchers and engravers",
                    "indent": 1
                },
                "B24124486": {
                    "name": "Molders, shapers, and casters, except metal and plastic",
                    "indent": 1
                },
                "B24124487": {
                    "name": "Paper goods machine setters, operators, and tenders",
                    "indent": 1
                },
                "B24124488": {
                    "name": "Tire builders",
                    "indent": 1
                },
                "B24124489": {
                    "name": "Helpers--production workers",
                    "indent": 1
                },
                "B24124490": {
                    "name": "Production workers, all other",
                    "indent": 1
                },
                "B24124491": {
                    "name": "Supervisors of transportation and material moving workers",
                    "indent": 1
                },
                "B24124492": {
                    "name": "Aircraft pilots and flight engineers",
                    "indent": 1
                },
                "B24124493": {
                    "name": "Air traffic controllers and airfield operations specialists",
                    "indent": 1
                },
                "B24124494": {
                    "name": "Flight attendants",
                    "indent": 1
                },
                "B24124495": {
                    "name": "Ambulance drivers and attendants, except emergency medical technicians",
                    "indent": 1
                },
                "B24124496": {
                    "name": "Bus drivers",
                    "indent": 1
                },
                "B24124497": {
                    "name": "Driver/sales workers and truck drivers",
                    "indent": 1
                },
                "B24124498": {
                    "name": "Taxi drivers and chauffeurs",
                    "indent": 1
                },
                "B24124499": {
                    "name": "Motor vehicle operators, all other",
                    "indent": 1
                },
                "B24124500": {
                    "name": "Locomotive engineers and operators",
                    "indent": 1
                },
                "B24124501": {
                    "name": "Railroad brake, signal, and switch operators",
                    "indent": 1
                },
                "B24124502": {
                    "name": "Railroad conductors and yardmasters",
                    "indent": 1
                },
                "B24124503": {
                    "name": "Subway, streetcar, and other rail transportation workers",
                    "indent": 1
                },
                "B24124504": {
                    "name": "Sailors and marine oilers",
                    "indent": 1
                },
                "B24124505": {
                    "name": "Ship and boat captains and operators",
                    "indent": 1
                },
                "B24124506": {
                    "name": "Ship engineers",
                    "indent": 1
                },
                "B24124507": {
                    "name": "Bridge and lock tenders",
                    "indent": 1
                },
                "B24124508": {
                    "name": "Parking lot attendants",
                    "indent": 1
                },
                "B24124509": {
                    "name": "Automotive and watercraft service attendants",
                    "indent": 1
                },
                "B24124510": {
                    "name": "Transportation inspectors",
                    "indent": 1
                },
                "B24124511": {
                    "name": "Transportation attendants, except flight attendants",
                    "indent": 1
                },
                "B24124512": {
                    "name": "Other transportation workers",
                    "indent": 1
                },
                "B24124513": {
                    "name": "Conveyor operators and tenders",
                    "indent": 1
                },
                "B24124514": {
                    "name": "Crane and tower operators",
                    "indent": 1
                },
                "B24124515": {
                    "name": "Dredge, excavating, and loading machine operators",
                    "indent": 1
                },
                "B24124516": {
                    "name": "Hoist and winch operators",
                    "indent": 1
                },
                "B24124517": {
                    "name": "Industrial truck and tractor operators",
                    "indent": 1
                },
                "B24124518": {
                    "name": "Cleaners of vehicles and equipment",
                    "indent": 1
                },
                "B24124519": {
                    "name": "Laborers and freight, stock, and material movers, hand",
                    "indent": 1
                },
                "B24124520": {
                    "name": "Machine feeders and offbearers",
                    "indent": 1
                },
                "B24124521": {
                    "name": "Packers and packagers, hand",
                    "indent": 1
                },
                "B24124522": {
                    "name": "Pumping station operators",
                    "indent": 1
                },
                "B24124523": {
                    "name": "Refuse and recyclable material collectors",
                    "indent": 1
                },
                "B24124524": {
                    "name": "Mine shuttle car operators",
                    "indent": 1
                },
                "B24124525": {
                    "name": "Tank car, truck, and ship loaders",
                    "indent": 1
                },
                "B24124526": {
                    "name": "Material moving workers, all other",
                    "indent": 1
                }
            }
        }
    }
}