{
    "release": {
        "id": "acs2017_5yr",
        "name": "ACS 2017 5-year",
        "years": "2013-2017"
    },
    "tables": {
        "B18101": {
            "title": "Sex by Age by Disability Status",
            "universe": "Civilian Noninstitutionalized Population",
            "denominator_column_id": "B18101001",
            "columns": {
                "B18101001": {
                    "name": "Total:",
                    "indent": 0
                },
                "B18101002": {
                    "name": "Male:",
                    "indent": 1
                },
                "B18101003": {
                    "name": "Under 5 years:",
                    "indent": 2
                },
                "B18101004": {
                    "name": "With a disability",
                    "indent": 3
                },
                "B18101005": {
                    "name": "No disability",
                    "indent": 3
                },
                "B18101006": {
                    "name": "5 to 17 years:",
                    "indent": 2
                },
                "B18101007": {
                    "name": "With a disability",
                    "indent": 3
                },
                "B18101008": {
                    "name": "No disability",
                    "indent": 3
                },
                "B18101009": {
                    "name": "18 to 34 years:",
                    "indent": 2
                },
                "B18101010": {
                    "name": "With a disability",
                    "indent": 3
                },
                "B18101011": {
                    "name": "No disability",
                    "indent": 3
                },
                "B18101012": {
                    "name": "35 to 64 years:",
                    "indent": 2
                },
                "B18101013": {
                    "name": "With a disability",
                    "indent": 3
                },
                "B18101014": {
                    "name": "No disability",
                    "indent": 3
                },
                "B18101015": {
                    "name": "65 to 74 years:",
                    "indent": 2
                },
                "B18101016": {
                    "name": "With a disability",
                    "indent": 3
                },
                "B18101017": {
                    "name": "No disability",
                    "indent": 3
                },
                "B18101018": {
                    "name": "75 years and over:",
                    "indent": 2
                },
                "B18101019": {
                    "name": "With a disability",
                    "indent": 3
                },
                "B18101020": {
                    "name": "No disability",
                    "indent": 3
                },
                "B18101021": {
                    "name": "Female:",
                    "indent": 1
                },
                "B18101022": {
                    "name": "Under 5 years:",
                    "indent": 2
                },
                "B18101023": {
                    "name": "With a disability",
                    "indent": 3
                },
                "B18101024": {
                    "name": "No disability",
                    "indent": 3
                },
                "B18101025": {
                    "name": "5 to 17 years:",
                    "indent": 2
                },
                "B18101026": {
                    "name": "With a disability",
                    "indent": 3
                },
                "B18101027": {
                    "name": "No disability",
                    "indent": 3
                },
                "B18101028": {
                    "name": "18 to 34 years:",
                    "indent": 2
                },
                "B18101029": {
                    "name": "With a disability",
                    "indent": 3
                },
                "B18101030": {
                    "name": "No disability",
                    "indent": 3
                },
                "B18101031": {
                    "name": "35 to 64 years:",
                    "indent": 2
                },
                "B18101032": {
                    "name": "With a disability",
                    "indent": 3
                },
                "B18101033": {
                    "name": "No disability",
                    "indent": 3
                },
                "B18101034": {
                    "name": "65 to 74 years:",
                    "indent": 2
                },
                "B18101035": {
                    "name": "With a disability",
                    "indent": 3
                },
                "B18101036": {
                    "name": "No disability",
                    "indent": 3
                },
                "B18101037": {
                    "name": "75 years and over:",
                    "indent": 2
                },
                "B18101038": {
                    "name": "With a disability",
                    "indent": 3
                },
                "B18101039": {
                    "name": "No disability",
                    "indent": 3
                }
            }
        }
    }
}