{
    "release": {
        "id": "acs2017_5yr",
        "name": "ACS 2017 5-year",
        "years": "2013-2017"
    },
    "tables": {
        "B992705": {
            "title": "Allocation of Direct-purchase Health Insurance",
            "universe": "Civilian Noninstitutionalized Population",
            "denominator_column_id": "B992705001",
            "columns": {
                "B992705001": {
                    "name": "Total:",
                    "indent": 0
                },
                "B992705002": {
                    "name": "Allocated",
                    "indent": 1
                },
                "B992705003": {
                    "name": "Not allocated",
                    "indent": 1
                }
            }
        }
    }
}