{
    "release": {
        "id": "acs2017_5yr",
        "name": "ACS 2017 5-year",
        "years": "2013-2017"
    },
    "tables": {
        "B11001": {
            "title": "Household Type (Including Living Alone)",
            "universe": "Households",
            "denominator_column_id": "B11001001",
            "columns": {
                "B11001001": {
                    "name": "Total:",
                    "indent": 0
                },
                "B11001002": {
                    "name": "Family households:",
                    "indent": 1
                },
                "B11001003": {
                    "name": "Married-couple family",
                    "indent": 2
                },
                "B11001004": {
                    "name": "Other family:",
                    "indent": 2
                },
                "B11001005": {
                    "name": "Male householder, no wife present",
                    "indent": 3
                },
                "B11001006": {
                    "name": "Female householder, no husband present",
                    "indent": 3
                },
                "B11001007": {
                    "name": "Nonfamily households:",
                    "indent": 1
                },
                "B11001008": {
                    "name": "Householder living alone",
                    "indent": 2
                },
                "B11001009": {
                    "name": "Householder not living alone",
                    "indent": 2
                }
            }
        }
    }
}