{
    "release": {
        "id": "acs2017_5yr",
        "name": "ACS 2017 5-year",
        "years": "2013-2017"
    },
    "tables": {
        "B23020": {
            "title": "Mean Usual Hours Worked in the Past 12 Months for Workers 16 to 64 Years",
            "universe": "Population 16 to 64 Years Who Have Worked in the Past 12 Months",
            "denominator_column_id": null,
            "columns": {
                "B23020000.5": {
                    "name": "Mean usual hours--",
                    "indent": 0
                },
                "B23020001": {
                    "name": "Total:",
                    "indent": 0
                },
                "B23020002": {
                    "name": "Male",
                    "indent": 1
                },
                "B23020003": {
                    "name": "Female",
                    "indent": 1
                }
            }
        }
    }
}