{
    "release": {
        "id": "acs2017_5yr",
        "name": "ACS 2017 5-year",
        "years": "2013-2017"
    },
    "tables": {
        "B20001": {
            "title": "Sex by Earnings in the Past 12 Months (In 2017 Inflation-adjusted Dollars) for the Population 16 Years and Over With Earnings in the Past 12 Months",
            "universe": "Population 16 Years and Over With Earnings",
            "denominator_column_id": "B20001001",
            "columns": {
                "B20001001": {
                    "name": "Total:",
                    "indent": 0
                },
                "B20001002": {
                    "name": "Male:",
                    "indent": 1
                },
                "B20001003": {
                    "name": "$1 to $2,499 or loss",
                    "indent": 2
                },
                "B20001004": {
                    "name": "$2,500 to $4,999",
                    "indent": 2
                },
                "B20001005": {
                    "name": "$5,000 to $7,499",
                    "indent": 2
                },
                "B20001006": {
                    "name": "$7,500 to $9,999",
                    "indent": 2
                },
                "B20001007": {
                    "name": "$10,000 to $12,499",
                    "indent": 2
                },
                "B20001008": {
                    "name": "$12,500 to $14,999",
                    "indent": 2
                },
                "B20001009": {
                    "name": "$15,000 to $17,499",
                    "indent": 2
                },
                "B20001010": {
                    "name": "$17,500 to $19,999",
                    "indent": 2
                },
                "B20001011": {
                    "name": "$20,000 to $22,499",
                    "indent": 2
                },
                "B20001012": {
                    "name": "$22,500 to $24,999",
                    "indent": 2
                },
                "B20001013": {
                    "name": "$25,000 to $29,999",
                    "indent": 2
                },
                "B20001014": {
                    "name": "$30,000 to $34,999",
                    "indent": 2
                },
                "B20001015": {
                    "name": "$35,000 to $39,999",
                    "indent": 2
                },
                "B20001016": {
                    "name": "$40,000 to $44,999",
                    "indent": 2
                },
                "B20001017": {
                    "name": "$45,000 to $49,999",
                    "indent": 2
                },
                "B20001018": {
                    "name": "$50,000 to $54,999",
                    "indent": 2
                },
                "B20001019": {
                    "name": "$55,000 to $64,999",
                    "indent": 2
                },
                "B20001020": {
                    "name": "$65,000 to $74,999",
                    "indent": 2
                },
                "B20001021": {
                    "name": "$75,000 to $99,999",
                    "indent": 2
                },
                "B20001022": {
                    "name": "$100,000 or more",
                    "indent": 2
                },
                "B20001023": {
                    "name": "Female:",
                    "indent": 1
                },
                "B20001024": {
                    "name": "$1 to $2,499 or loss",
                    "indent": 2
                },
                "B20001025": {
                    "name": "$2,500 to $4,999",
                    "indent": 2
                },
                "B20001026": {
                    "name": "$5,000 to $7,499",
                    "indent": 2
                },
                "B20001027": {
                    "name": "$7,500 to $9,999",
                    "indent": 2
                },
                "B20001028": {
                    "name": "$10,000 to $12,499",
                    "indent": 2
                },
                "B20001029": {
                    "name": "$12,500 to $14,999",
                    "indent": 2
                },
                "B20001030": {
                    "name": "$15,000 to $17,499",
                    "indent": 2
                },
                "B20001031": {
                    "name": "$17,500 to $19,999",
                    "indent": 2
                },
                "B20001032": {
                    "name": "$20,000 to $22,499",
                    "indent": 2
                },
                "B20001033": {
                    "name": "$22,500 to $24,999",
                    "indent": 2
                },
                "B20001034": {
                    "name": "$25,000 to $29,999",
                    "indent": 2
                },
                "B20001035": {
                    "name": "$30,000 to $34,999",
                    "indent": 2
                },
                "B20001036": {
                    "name": "$35,000 to $39,999",
                    "indent": 2
                },
                "B20001037": {
                    "name": "$40,000 to $44,999",
                    "indent": 2
                },
                "B20001038": {
                    "name": "$45,000 to $49,999",
                    "indent": 2
                },
                "B20001039": {
                    "name": "$50,000 to $54,999",
                    "indent": 2
                },
                "B20001040": {
                    "name": "$55,000 to $64,999",
                    "indent": 2
                },
                "B20001041": {
                    "name": "$65,000 to $74,999",
                    "indent": 2
                },
                "B20001042": {
                    "name": "$75,000 to $99,999",
                    "indent": 2
                },
                "B20001043": {
                    "name": "$100,000 or more",
                    "indent": 2
                }
            }
        }
    }
}